{
  "incumbent_ids": [
    21
  ],
  "rejected_config_ids": [
    1,
    3,
    4,
    5,
    6,
    7,
    8,
    9,
    10,
    11,
    12,
    13,
    14,
    15,
    16,
    17,
    18,
    19,
    20,
    2,
    22,
    23,
    24
  ],
  "incumbents_changed": 3,
  "trajectory": [
    {
      "config_ids": [
        1
      ],
      "costs": [
        0.3699999999999999
      ],
      "trial": 1,
      "walltime": 0.04701876640319824
    },
    {
      "config_ids": [
        2
      ],
      "costs": [
        0.25750000000000006
      ],
      "trial": 2,
      "walltime": 5.899396181106567
    },
    {
      "config_ids": [
        21
      ],
      "costs": [
        0.25125
      ],
      "trial": 25,
      "walltime": 132.6472887992859
    }
  ],
  "state": {
    "tracker": {
      "1,0": [
        [
          0,
          [
            {
              "algorithm": "RandomForest",
              "rf.bootstrap": true,
              "rf.criterion": "entropy",
              "rf.max_features": 0.1815977168014,
              "rf.min_samples_leaf": 14,
              "rf.min_samples_split": 19
            },
            {
              "algorithm": "Sgd",
              "sgd.alpha": 0.0002459229736,
              "sgd.average": false,
              "sgd.learning_rate": "optimal",
              "sgd.loss": "modified_huber",
              "sgd.penalty": "l1",
              "sgd.tol": 0.0001761071773,
              "sgd.epsilon": 0.0006439790863
            }
          ]
        ]
      ]
    },
    "next_bracket": 0
  }
}